template,regime,n,q1_ms,median_ms,q3_ms
T1,hub,2,5.586906,6.909595,8.232284
T1,uniform,2,4.354949,4.778351,5.201752
